mace,Model
35.35600571342713,Identidad
12.34280134197199,ORB+RANSAC+OpenCV
5.9564004,Deep Learning